{"cameraMode":{"drawMode":0,"name":"Shaded","section":"Shading Mode"},"sceneLighting":true,"audioPlay":false,"sceneViewState":{"showFog":true,"showMaterialUpdate":false,"showSkybox":true,"showFlares":true,"showImageEffects":true,"showParticleSystems":true,"showVisualEffectGraphs":true,"m_FxEnabled":true},"in2DMode":false,"pivot":{"x":-6.388854503631592,"y":3.980128526687622,"z":-0.7192749381065369},"rotation":{"x":0.12496563047170639,"y":-0.07938314974308014,"z":0.010031206533312798,"w":0.9889295101165772},"size":18.877897262573243,"orthographic":true}